Content,Video title,Video publish time,Duration,Views,Watch time (hours),Subscribers,Estimated revenue (JPY),Impressions,Impressions click-through rate (%)
Total,,,,133780,12522.3914,1545,142523.369,1808884,3.86
i2g3JmUwJB8,デザイン制作の「常識がぶっ壊れた」件。FigmaとAIで変わるデザイナーの本当の仕事,"Jul 3, 2025",1431,20038,1543.9202,366,18349.246,317412,4.51
akd5pyd4TnU,【2025最新】初心者向け! Figmaの基本とAIなど便利な使い方を完全解説 / UIデザイン・Webデザインに最適なデザインツール,"Nov 22, 2024",3902,15108,2812.2992,195,29913.267,152063,4.84
jaBvPfIFw00,【検証】AIがFigmaでデザイン？初心者にもやばいと噂のLayerMateを試した結果…,"Jul 29, 2025",1963,5602,493.0906,60,4319.792,86565,4.45
kyIlZicfOHE,WebデザイナーからUI/UXデザイナーに転職できる？,"Jun 4, 2025",98,4605,25.8742,7,42.614,12609,4.19
zsjXix-SAZs,非デザイナーも使える！デザインの基本4原則でわかりやすい綺麗なグラフィックを作ろう,"Mar 23, 2020",1031,3698,297.3604,74,2292.911,45674,5.11
2cbcMhOqd2A,【超初心者】Figma使い方講座#1 - バナーをデザインして基本操作をマスターしよう（全3回）,"Jan 17, 2025",1747,3641,397.0271,64,6361.578,22794,6.75
Ax8yO24R0LQ,"【衝撃】Shopifyが""UXデザイナー""を廃止した理由。AIとデザイン","Jun 25, 2025",1763,3493,360.3866,35,3708.349,55392,4.47
jNjN7C-lZgY,【UIデザイン基本】UIどう見る？理解が進む3つの要素,"Jun 23, 2025",100,3145,16.7899,3,28.21,7449,3.03
7jMyz7CY2gA,AIでデザイナー不要？逆に今、デザイナーになる「最高のタイミング」だと思う,"Jul 11, 2025",1559,2767,296.6295,22,3634.322,50859,3.89
GHbWvOq626k,【未経験OK】UI/UXデザイナーになる勉強法2023年版、完全解説！現役デザイナーが考える学習計画はコレです。,"May 30, 2023",2844,2041,256.7186,31,3052.386,23503,5.45
9j-0EpyHJd0,"デザインがほぼそのままWebサイトになる時代が来てるぞ...！ / Framer,WebflowでFigmaからそのままWebサイトを公開してみる","Mar 10, 2023",914,1825,88.5049,14,1745.725,24222,5.04
B2kO84k4dvw,現場10年目が考えるUIUXデザイナーへの転職条件,"Oct 26, 2024",60,1813,14.072,5,25.918,18914,4.76
7v76UxlTc0o,【年収】WebデザイナーとUIUXの年収差、データで見たら驚いた。2025年デザイナーの年収調査の結果を見ていこう,"Aug 6, 2025",1787,1769,188.3047,6,1574.497,29914,4.69
k26tTWlW3xE,【Figma2025】2分40秒で詳しくわかるFigmaの新機能,"May 26, 2025",164,1724,22.5206,0,19.786,12164,2.78
7PWL15XN15U,【超初心者】Figma使い方講座#2 - テキスト配置、画像などのサイズ調整のやり方を実践しよう,"Jan 17, 2025",2686,1711,372.0377,5,4497.991,13450,5.78
eky8sqtH9eo,【初心者】Figma使い方講座2025 YouTubeをUIトレースして基本機能を習得しよう　#1,"Feb 7, 2025",649,1559,78.6942,19,1238.397,14259,6.24
jVlMKpPJoIw,【初心者向け】UI/UXデザイナーってどんなお仕事？ | Webデザイナーとの違い、活躍するためのスキル,"Apr 17, 2021",752,1558,109.6517,22,2173.508,15758,8.36
5QnKPI-H4EY,WebデザインとUIUXデザインの違い #ようこそUIUX,"Sep 9, 2024",56,1452,12.1125,0,21.146,18418,3.62
TzGaE20sWfE,【おわり】Figma使い方講座2025 #12 アクションUIを作って、UIを完成させよう！,"May 16, 2025",1667,1373,48.2982,8,1466.636,15170,2.11
LRx6br_NBjE,【初心者】Figma使い方講座2025#2 UIトレースの準備をしよう,"Feb 7, 2025",1483,1249,158.7374,7,1834.32,11796,5.47
T4YZ_1pw_gg,【UIデザイン初心者】UIの理解はこの3つです。『3構造』を徹底解説,"Jun 17, 2025",2935,1090,188.9499,10,1496.576,21631,2.95
iH8R8RTIyWI,【Figmaプロトタイプ使い方】UIを動かす必須機能、プロトタイピング機能の使い方を解説 / 操作解説のチュートリアル付,"Aug 16, 2023",1803,1020,97.925,2,1688.938,6788,6.35
yAQBceTymWA,【Figma: プロの制作手法に近づく1歩】新機能Variablesの解説します！ / 論理的にサイズや色を管理 / 変数管理でフロントエンド的にUIデザイン / デザインシステムの1歩目,"Aug 3, 2023",1423,1001,101.0528,10,1675.901,9651,5.73
pllJYJvy8aw,【Figma初級#3】コンポーネント機能の使い方 / ネスト状態にしてアイコンを切り替えられるようにしよう - Figmaの使い方チュートリアル,"Mar 22, 2023",1624,998,115.5921,5,910.366,7160,6.58
Xg6oveQXIw8,【超入門】はじめてのUIデザイン#1 - ここから始めて作りながらUIデザイナーを目指そう,"Jun 21, 2021",582,997,41.3222,8,1164.535,8042,5.24
dwiMs7NpmlA,"【UIデザインの基礎を習得】『UIデザイン ビジュアルコース2023』の紹介 / ""6つの基礎を習得""して、アプリをゼロからデザイン！/ 完成したアウトプットをポートフォリオにしよう","Nov 2, 2023",957,974,23.9759,2,108.747,4001,1.65
htmjI2wpfjY,【超初心者】Figma講座#1:バナーデザインでFigmaの使い方を学ぶ - 世界が注目するデザインツールFigmaの使い方特徴、機能、料金、人気の理由を解説します,"Jun 21, 2020",804,947,42.9017,15,1478.653,5988,4.38
7Bj15jOQjrs,【Figma】一部の範囲だけスクロールするプロトタイプの作り方【プロトタイピング】,"Mar 24, 2021",354,931,24.5971,3,1030.14,3026,8.69
bPDcUlv7C7A,【Figma】何で必要？オートレイアウトの使い方、完全解説してみた。【チュートリアル付】,"Aug 10, 2022",2163,927,162.4357,11,1528.075,10302,3.81
1bpmFPbzFMY,AIがUIを自動生成してくれるFigmaのAI機能を使ってみた,"Dec 20, 2024",71,882,8.8115,0,12.742,8487,3.62
0r46RjQOcgA,【Figma初級#1】UIトレースで学ぶFigmaの使い方!オートレイアウトとコンポーネントをマスターして作業効率UP&UIの基本をマスターする,"Mar 17, 2023",1016,862,61.9128,15,759.125,6575,4.56
GK-WK8tPQeo,【超初心者】Figma使い方講座#3 - バナー完成へ！デザイン基本原則”整列”で調整する方法を実践しよう,"Jan 17, 2025",1331,855,130.325,3,1183.958,10860,3.85
q3kNOeKDAFY,【初心者】Figma使い方講座2025#3 YouTubeの動画UIを作ろう part.1,"Feb 14, 2025",2035,854,146.9688,1,1284.087,9701,3.88
OWWxf2mvqA0,【初心者へ】バナーは盗みながらデザイン（制作）しよう。ノーカットで流れをお見せします【実践TIPS付】,"May 28, 2021",945,853,56.0252,12,1071.045,11100,4.95
j4W-qVLVokQ,【初心者】Figma使い方講座2025#3 YouTubeの動画UIを作ろう part.2,"Feb 14, 2025",1218,849,96.0525,3,897.003,10485,4.06
vfcBhVFoAks,【初心者】Figma使い方#11:プロトタイプ機能 - ホバーや遷移を付けて画面を触れる形にデザインしよう,"Jul 15, 2020",523,846,35.5074,2,878.79,5772,8.33
LhDDjvhx8LU,UIデザイン最短習得方法   現役デザイナーが選ぶ勉強法はコレ,"Apr 25, 2021",1869,791,84.9801,17,720.934,9639,5.19
3bcGHTaXlKA,いきなり上京！「逃げられない環境」で保育士からUI/UXデザイナーに転職。”とにかく行動”して勝ち得たデザイン転職ストーリー。,"May 23, 2025",1978,786,77.6681,1,906.534,15807,2.94
-WZxDGJDHNw,実物見せます!!未経験からUI/UXデザイナーになるポートフォリオのつくり方。,"Feb 17, 2023",1573,760,80.8136,5,980.919,8620,4.21
76MTFaRIiXk,【初心者】Figma使い方#14:アニメーション機能 - 本物かのように動くアニメーションをUIに付ける方法,"Jul 24, 2020",822,716,30.2597,1,900.024,4108,5.33
rL13k-2Crds,【LPのつくり方】初心者ほど盗め! すべてはコンセプトがアイデアの源。なるはやでボツ案をつくる。 Webデザインの制作手順全公開。,"Feb 10, 2023",2083,713,52.704,9,1951.906,2677,3.77
3FNPRLtjdBY,【意外とムズイ】AとBのUI、どっちがプロ仕様か見抜けますか？UIタイポグラフィ入門,"Jul 18, 2025",1562,662,45.2121,3,451.213,15232,3.1
OYL4FKO-JVk,【Figma】オートレイアウトの簡単な使い方,"Aug 2, 2024",56,646,5.0432,0,8.032,9473,3.03
vmISsiKTwPQ,【デザイナーの現場】マッチングアプリUI/UXデザイナー1年目の仕事を聞いてみた！入社後のギャップと1年で出会ったデザインの成長と苦悩,"Mar 15, 2024",2085,595,58.6105,3,553.311,10658,4.25
asE7Jc0kiyE,【初心者】Figma使い方講座2025 #5 YouTubeのヘッダーUIをトレースしよう part.1,"Mar 7, 2025",2024,568,110.3951,1,954.059,9695,2.51
jTnaUswfzP4,【基本】プロはこう見る！InstagramのUIデザインを「3構造」で分析してみた,"Jun 17, 2025",2181,544,66.0439,3,278.094,17247,2.31
8O4ViUAPTMo,【完全解説】初心者のおすすめデザイン筋トレ「UIトレース」を紹介&実践します【良いものをマネしよう】,"May 24, 2021",2638,542,65.847,5,731.538,7279,4.59
dbaySkTCbL8,【プロトタイプ】なぜ動かない？Figmaでコンポーネントとページ内スクロールを両立させる方法#駆け出しFigma,"Aug 24, 2024",1223,529,34.4186,5,515.776,6108,3.59
Z4QUlC8FGOg,【初心者むけ】Figmaの散らかりに終止符！データを楽に整理できるセクション機能 #駆け出しFigma,"Aug 16, 2024",1063,528,46.2792,3,399.211,6057,3.62
x1NzE1OIszE,【デザイン基礎】非デザイナーも使える、デザイン「基本4書体」の使い方を解説します,"Mar 31, 2020",495,504,35.0395,7,430.449,7675,3.65
cXeG47wlMyI,【Figma】使い方講座#2:バナーをつくろう！ - デザインする前にセットアップ。管理画面の使い方を知る,"Jun 24, 2020",801,494,35.115,1,611.338,6034,4.62
ATKxUSnxqbI,WebデザイナーとUIデザイナーの違いを解説してみた！,"Jun 27, 2022",1126,493,48.6602,4,348.276,8736,4.16
I8vOFTHfUdk,【初心者】Figma使い方講座2025 #7 ボトムナビのUIトレース/背景のぼかしのエフェクト,"Mar 14, 2025",3167,479,125.304,7,960.048,9728,2.04
IjHw4aiB_PM,【初心者】Figma使い方#13:コンポーネント機能 - UIを部品として効率よく設計しよう,"Jul 22, 2020",714,473,35.1525,2,553.554,6075,4.25
TmODI1qjBG8,【Figmaの教科書】Figjam入門: アイデアを整理し、チームと共有するデザイナーの相棒ツール,"Aug 30, 2023",1074,468,33.6518,2,344.708,4979,6.41
9_lOGcN83qI,【Figma】オートレイアウトを使うべき理由,"Aug 2, 2024",55,462,4.6746,0,5.894,6677,2.74
i6I0IHGu0e4,メッセージリストUIをデザイン【余白のサイズはルールで決める】 - はじめてのUIデザイン#3,"Jun 29, 2021",649,462,21.3493,0,253.784,7265,3.18
N8YVUqm653o,【デザイン基礎】非デザイナーも使える、事例で知れる色の構成要素!,"Apr 8, 2020",504,460,30.5642,3,399.623,7865,3.64
arNmmzdnOH0,【業界初心者】WebデザインとUIUXデザインの違いを10年目デザイナーが整理してみた #ようこそUIUX,"Sep 5, 2024",1294,450,47.2771,3,522.619,7213,3.51
tPIxBNYEBlQ,【初心者必見】悪いUIと良いUIの比較で学ぶ！「マネる」がデザイン上達の近道な理由,"Apr 28, 2025",1076,441,43.5844,1,371.251,13137,1.8
2lXDDMGuccE,【初心者】Figma使い方講座2025 #11 「チャンネルUI」をデザインしよう,"May 16, 2025",1765,438,46.312,1,446.512,16951,1.5
Tbh016_I9cI,【Figma初級#2】UIで大事な構造を学ぶ / オートレイアウトでListItemをデザインしよう！ - Figmaの使い方チュートリアル,"Mar 18, 2023",1868,433,75.1857,2,671.769,3582,5.56
hRzFLCDPCg8,【Figma初級#4】オートレイアウトをフルに使ってナビゲーションを完成させよう - Figmaの使い方チュートリアル,"Mar 29, 2023",2416,417,62.2415,3,744.159,3375,4.65
WY_pLdqTo6M,【Figma】使い方講座#3:バナーをつくろう！- オブジェクトの配置&ツールの構造を知る,"Jun 26, 2020",978,411,40.0454,5,417.116,5913,3.43
xDB1YcHScwg,UIデザインとUXデザインの違い？初心者もUXデザインを学ぶべき理由,"Oct 18, 2024",1996,406,51.5675,2,436.254,5355,2.61
WUy3C2TqbKQ,"【デザイン基礎】""カーニング""って知ってる？文字組みのデザインチュートリアル！ - グラフィック入門[1-3]","Jun 17, 2022",1277,405,30.3043,4,323.939,4452,6.4
4kFFVJzN3zE,【初心者向け】Figmaオートレイアウトで余白がつかない...?あるある2つの解決方法 #駆け出しフィグマ,"Aug 27, 2024",978,401,29.3831,3,404.477,5674,3.24
EnWtsnYVww4,【Figma】4分でわかる - ヘッダーやサイドバーを固定するFigmaプロトタイピング,"Mar 20, 2021",275,395,9.1658,2,415.323,2264,5.12
xgeIlIWC4UU,【Figma】AIが自動でレイヤー名を付けてくれるぞ,"Dec 24, 2024",73,395,5.3371,1,2.9,2687,1.82
zoMDjBkHVIE,【初心者】Figma使い方講座2025 #6 YouTubeのヘッダーUIをトレースしよう part.2,"Mar 7, 2025",958,372,37.3054,2,356.37,8268,2
bXKV_gly8H0,【初心者】Figma使い方講座2025 #8 ShortsUIのトレース/シャドウを使う理由とは？,"Mar 14, 2025",1702,367,55.9866,0,519.442,8878,1.36
b1m4mQNo_Nk,【UIデザイン】使いやすいUIをデザインするための『6つの基本』 / 情報設計のスキルがUIデザインには重要/  UIを構成する基本の3構造 / 情報設計には3つのフェーズがある,"Sep 22, 2023",2053,357,58.2624,1,230.59,6347,3.03
hrFYK5o0isQ,UIデザインの超基本の構成を解説【デザイナーにはこう見えてます】 - はじめてのUIデザイン#4,"Jul 1, 2021",833,352,23.5003,2,444.695,6923,2.63
f5kF2wQmwmk,【Figma初級#5】オートレイアウトを使って『リスト切り替えUI』をデザインしよう！ - Figmaの使い方チュートリアル,"Apr 21, 2023",1810,346,43.9749,3,311.488,2312,4.93
THbknVdocGk,【未経験転職】逃げられない環境を作る。パーソナルトレーナーからUI/UXデザイナーを本業にした、こいでくんに話を聞いてみた,"Jul 30, 2024",1826,332,35.9472,3,467.824,7454,3.15
ALBd_pAyUlw,【Figma】デザインを人に届けたいなら必須！プロトタイプ機能を徹底解説 #1,"Mar 15, 2021",1759,316,23.035,2,207.315,3400,3.91
LH3mTMcmVxI,【Figma】使い方講座#6:YoutubeUIをつくる!! - コンポーネント、ロゴ、アイコンを使ってヘッダーUIをデザインする,"Jul 1, 2020",1488,304,38.8366,0,317.329,4815,2.76
eLjaB-tqimk,【Figmaの教科書】素材/画像書き出し入門 / コピペで画像にする方法 / Figmaでデータから画像を効率的に出す,"Sep 13, 2023",1020,291,16.3516,3,360.564,4106,4.14
TnXRvd2XnCI,UIデザイン勉強法① 未経験からデザイナーになるゴールと道のりを徹底解説！,"Sep 22, 2022",1442,285,23.0102,3,154.579,4398,4.93
GTzQ_XKVgBk,【初心者】Figma使い方講座2025 #9 詳細ページをデザイン/動画UIに黒背景が多い理由は？,"Apr 9, 2025",1493,283,34.8886,0,269.262,9877,1.67
iSTuo-o2q0M,【Figma】使い方講座#4:バナーをつくろう！ - サイズの調整方法を身につけてバナーを完成させる,"Jun 26, 2020",1389,276,39.4128,0,475.519,5477,2.37
kzC5Zkoh4pM,【初心者】Figma使い方講座2025 #10 タップ時のプレイヤーUIをデザインしよう！,"Apr 9, 2025",1980,276,53.0796,0,487.718,10393,1.28
8FM-R2EBUnI,【Figma】作業スピードが上がる必須機能を紹介。現場でなぜ使われる？,"Mar 28, 2022",1376,272,21.8067,0,135.175,3506,5.33
6aJNTvDFAO0,【Figmaオートレイアウト】レスポンシブデザインが可能に！Wrap機能を解説 / 最大・最小値の設定も解説,"Jul 26, 2023",792,271,13.7097,0,424.263,2206,3.4
17seJdccLH8,【使いやすいUIの秘密】何がダメかわかる？NGなUIで理解する、劇的にUIデザインの理解が進む『UI3構造』,"Oct 20, 2023",2320,266,45.6634,2,163.949,2936,3.95
XLq01yuJ1UA,【未経験からUI/UXデザイナーに転職した話】働きながらデザインを独学する方法/情報は自分で人に取りにいく/フィードバックでスキルアップ,"Feb 15, 2024",2379,266,27.0803,0,266.464,2666,2.89
Evwqe2OxJsA,UIデザイナーの出世キャリアを整理したら、全デザイナーに使える考え方が見えてきた,"Feb 3, 2023",1878,257,32.0812,2,249.902,5190,2.93
gi3x68-rrXA,国内IT企業のデザイナーの年収はどれぐらいなのか？100社アンケートで見てみた | UIデザイナー、UXデザイナー、副業、CXO,"Oct 1, 2024",1392,249,20.8266,3,279.239,4110,3.84
z0V_IXi9cX0,Figmaの操作速度が上がるたった1つの方法 ⌨️,"Jul 5, 2022",1281,248,21.4897,2,807.095,3082,2.99
SSYCTSQn7y4,【BONO×転職】PR会社からUI/UXデザイナーに転職した話を聞く- 前編 / ポートフォリオのアウトプットは？どう勉強していた？,"Jan 3, 2024",1229,241,17.6631,3,,2169,3.64
5r8WwwrIm8w,【Figma】使い方講座#7:YoutubeUI - ボトムナビゲーションの作り方。繰り返しのパーツ/アイコン設置,"Jul 3, 2020",851,235,17.8868,0,116.529,2812,3.2
BMgLLWZhL5s,【勉強法】毎日成長! 優れたデザインから盗む。デザインアーカイブサイトを見る5つのコツ【デザイナー】,"Mar 2, 2020",674,232,13.6705,3,290.368,4071,4.27
xWEbDPF__cU,【UIデザイン】参考デザインが見つかるサイト5選,"Apr 28, 2025",78,217,2.1759,1,2.482,3907,2
zOBxNHdLhZ8,【Figma】使い方講座#5:YoutubeUIをつくる!! - アニメーションやオートレイアウト機能などもカバーするUI編のコンテンツを紹介,"Jun 28, 2020",366,216,7.086,2,84.652,4711,2.31
hjsWrHn1S4s,【Figma】作業スピードが上がる必須機能を紹介。現場でなぜ使われる？,"Mar 25, 2022",1594,215,27.8411,0,168.695,3416,3.22
AayGnD_Yfnw,【Figma】配色に強くなる神機能を紹介します #Figma #配色 #uidesign,"Apr 9, 2025",65,212,2.9346,0,1.957,4063,0.94
JRnTfQVDCOo,【人の目線は右と左どちらから始まる？】チャットUIをデザインしよう - はじめてのUIデザイン#5,"Jul 6, 2021",1598,208,25.6295,1,306.986,5952,1.26
lx8_9XxOe_8,どっちがいいデザイン？🤔【情報設計の武器を解説】,"Aug 2, 2021",1332,205,17.231,1,153.698,4317,3.41
u9QAcgf2CfY,【UIをブロックで組んでますか】ヘッダーUIをデザインしよう - はじめてのUIデザイン#2,"Jun 25, 2021",885,204,19.5482,0,194.716,4921,1.48
sg73IZcGAdE,UI/UXデザイナー必修科目、『マテリアルデザイン』の使い方/読む理由/はじめ方,"Jun 16, 2023",911,203,14.773,3,257.241,2402,3.66
UcwtvqKXBdI,【デザインの基本】文字組み - レイアウトを文字の配置だけで綺麗にする方法,"Aug 24, 2021",1331,195,19.1926,3,274.757,3478,2.99
-A2yg2uwB5s,【デザイン基礎】3つのポイントでわかる ー 境界線の使い方,"Feb 17, 2021",690,194,16.61,1,67.936,3732,2.6
5SidrK9P4qc,【初心者】Figma使い方#10:カラーパレット機能 - 良く使う色を登録して効率よく、一貫した配色を可能にしよう,"Jul 12, 2020",1140,187,18.1532,0,198.977,2524,3.45
uOjyoXWsHpc,【実話】25社の否定を乗り越え未経験からUIデザイナーに転職した人の勉強法と考え方,"Dec 6, 2024",1829,183,20.6822,0,203.967,3615,2.43
cenVq00Ozr8,"【デザインの基本】構造整理 | 情報の""優先度""と""グループ""整理で9割決まります【作る前が大事】","Sep 17, 2021",1633,180,23.1878,0,185.611,5433,1.75
lQvHxLmgEmk,【Figmaの教科書】Figmaコミュニティ入門：無料で素材を探せるFigmaのスーパーマーケット / プラグインで作業を効率化,"Sep 8, 2023",957,179,14.5076,4,308.649,2606,2.38
8w7782OQc0I,【初心者】Figma使い方#12:オートレイアウト機能 - 繰り返しのUIレイアウトが抜群にラクになる方法を解説,"Jul 17, 2020",531,175,10.6296,1,109.734,2479,2.46
M0_CruOCyKo,【Figma】Figmaマスター沼の入り口 - GroupとFrameって違いがあるじゃないですか・・・・え？知らない？解説しときます。,"Mar 31, 2021",516,174,10.401,0,259.778,2699,4.48
GRcBSgA_t24,【Figma初級#6】『ツイート作成』UIをデザインしよう！しよう - Figmaの使い方チュートリアル,"May 9, 2023",2137,172,30.3543,0,179.617,1736,3.05
PpxNLZiDyFY,UI/UXデザイナー転職に必要なもの: 3社の話で考える企業がデザイナーに求めているもの,"Oct 10, 2024",1848,164,23.029,2,219.125,3330,2.19
mVEYM353_pE,ビジュアル力を上げるデザイン勉強法：1日1デザイン分析のススメ,"May 24, 2023",1237,162,17.529,0,241.81,2027,3.06
1caTQahRFCk,【初心者向け】Figma使い方#8:YoutubeUIデザイン - 動画コンテンツのUIデザイン。画像のマスクと境界線の使い方,"Jul 4, 2020",1379,160,21.065,0,141.469,2404,2.75
fhozBFkk6is,【アイコンは正方形で配置】ボトムナビゲーションをデザインしよう  - はじめてのUIデザイン#7,"Jul 12, 2021",705,159,8.4204,0,88.105,1573,2.48
u0kyvOZj8R4,未経験からデザイナーになるのに年齢は関係あるのか,"Jan 4, 2023",775,158,8.4549,0,84.129,2125,5.84
5TOw3AdsEUo,UIデザインが上手くなるたった1つのコツ,"May 6, 2025",93,157,1.4155,1,2.162,2445,2.37
5r_mWSizI4I,【未経験からUI/UXデザイナーに!】ポートフォリオはどんな感じ？ / どうやってスキルをつけた？ / 勉強を継続する方法は？,"Apr 7, 2023",1242,157,8.5933,1,85.025,2314,3.93
QXp7_zD14cE,【UIデザイナーって?】ぶっちゃけどれぐらい稼げるの？平均年収をデータで調べてみた,"Nov 25, 2022",1312,156,12.788,0,99.88,2227,4.67
icWrmnRWAz4,【Webデザイン】LPのデザイン手順をボツ案公開しながら解説してみた,"Mar 28, 2020",1136,154,11.2413,1,181.242,2429,3.21
O2-Wa1LCmTA,【バナーデザイン入門#1】綺麗なバナーに必須の基本原則10個を紹介！ブログのサムネイルをデザインしていこう,"Mar 22, 2024",868,152,7.7878,0,259.7,1559,2.57
fgm-79C5yGk,【使いやすいUIの秘密】UIデザインの基本は〇〇を中心に考えよう！見た目だけでは使いづらくなる理由,"Jan 24, 2024",1333,146,13.3161,0,162.239,2041,1.71
zNGfj_1gdds,【未経験転職】インテリア業界から未経験UIUXデザイナー転職。ポートフォリオで評価されたポイントと学習・転職活動の反省点を話してもらいました！,"Mar 19, 2025",2347,145,18.4626,3,216.259,5687,1.76
pQddyGMdGZQ,【センスは知識から】デザイン前の参考リサーチが上達を加速する3つの理由,"May 1, 2024",1278,144,18.1631,1,240.736,2234,2.82
GF9GQrGlTV8,レスポンシブデザインを始める前に知りたい5つのポイント【Web/UIデザイン】,"Dec 17, 2021",612,142,7.0466,2,83.35,1354,5.98
5ZFszxHvPmg,【STUDIO講座】スマホ対応の方法を解説！ - 手を動かして学ぶSTUDIOWebデザイン #最終回,"May 10, 2020",819,140,8.112,0,332.39,1877,2.88
Xbxgs5XB620,【Figma初級#7】コンポーネントとして繰り返し使えるツイートUIをデザインしよう - Figmaの使い方チュートリアル,"May 19, 2023",2524,140,25.6956,0,186.397,1435,3.34
IE4MtyF0az8,添削しながら考える優れたUI/UXのポートフォリオ【方法と手順】,"Dec 14, 2021",950,137,5.5346,2,73.874,2655,2.37
M73FKe5hxIM,【UXデザイン入門 】提案できるデザイナーになるスキル！Web/UIデザイナー必須のUXデザインを解説します,"Apr 4, 2021",1281,135,18.1696,0,70.705,1249,3.2
iBoa6bPM1q8,【なぜチャットの色は1色じゃないのか？】デザインしたチャットUIを解説します - はじめてのUIデザイン#6,"Jul 8, 2021",608,134,8.1039,1,79.525,5208,1.11
TIg4xHcTFFs,【UIデザイナーとは】デザイナーってこんな仕事です！現場でのリアルなデザインの流れを話してみる。,"Jan 25, 2023",1351,133,8.571,0,99.669,2095,3.29
nQlpRLGow3M,【初心者向け】Figma使い方#9:YoutubeUIデザイン - 動画閲覧ページを作る_UIづくりテクニックの総集編です,"Jul 8, 2020",1722,133,19.3897,0,79.979,3053,1.67
FQxQu96jzIs,FigmaのAIがすごそうなので紹介する / 自動でボタンパターン作る機能 / 登録したコンポーネントをベースにUI出力,"Sep 6, 2023",1242,129,5.8569,0,123.474,2120,2.12
_L7zqArTfi4,【雑談配信】デジタル庁からデザインシステムの基礎を学ぶ,"Nov 28, 2022",1868,127,10.273,0,143.31,993,6.24
TlUP4o3CzS4,使いやすいUIをデザインするために必要な、2つの鉄則,"Dec 29, 2022",1820,124,17.457,1,253.883,1868,3.64
YDmI-JD3Q1g,【UIデザインに詳しくなる1歩】 ガイドラインって何？重要なの？Googleマテリアルデザインを読みはじめるコツ。,"Dec 22, 2023",1246,124,14.4976,1,187.31,3064,2.64
yEq2BIhdYjQ,【10年目が教える】UXデザインめっちゃ大事。UIUXデザイナーを目指す人が学ぶ理由,"Oct 31, 2024",58,124,0.7861,0,1.933,2462,2.11
OyxOZEi4324,【Figma初級#8】ついに完成！Figmaになれたら次にやるべきUIデザインの勉強法！,"May 20, 2023",2372,123,19.0814,0,117.804,1007,4.07
7fdNChBRx1c,【初心者向け】デザイン配色の基礎！理論から実践までデザインしながら教えます,"Jul 3, 2024",2381,119,17.6622,1,246.178,2322,1.94
CjNMCjW_IyI,"【未経験転職】""デザイナーになるのに年齢関係ある？""と聞かれるので必死にしゃべった / 関係あること、ないこと / 採用される人は何が大事なの？","Sep 15, 2023",1625,119,14.6431,2,37.936,2380,3.7
rl60b5MHYZw,【デザイン基礎】新しく「グラフィック入門」シリーズを始めます！ - ダメなデザインを直して身に付くデザイナーの基本スキル,"May 9, 2022",520,119,4.3923,0,149.826,1275,5.88
uuPzCD6iivE,"【使いやすいUIの秘密】""モード""の基本 : NG UIを題材に知らないと陥るモードの罠を避け、UIデザインの基礎を身につけよう","Nov 8, 2023",1779,118,18.6364,2,70.537,1619,1.85
va9sdOQ_NWI,"【使いやすいUIの秘密】""アクション""の基本 : ダメなUIデザインは、アクションと〇〇が離れすぎている","Nov 24, 2023",2083,118,17.1027,0,158.74,2361,2.67
NZndpw3Pjlk,"【質問解答】デザインが楽しくない人へ。12年目が考える""楽しさの見つけ方""","Mar 16, 2025",1543,115,14.8536,0,209.022,5106,1.47
OOTVPKRlSE4,UIデザインを始める1ヶ月。勉強し始めにオススメな3つのこと【全部無料です】,"Dec 28, 2022",1098,114,9.5832,3,80.526,1862,4.08
gVgLUIImGgs,【初心者向け】デザインを進める流れとレイアウト配置の基礎7テクニック,"Jun 13, 2024",3983,113,16.1573,1,195.808,1901,1.63
lyf6rgGbjoc,【UIデザイナーって?】未経験から入りやすい会社の特徴を話します。これがバレたら僕は消される,"Jan 27, 2023",523,112,5.7236,0,64.474,2005,4.69
3YRJexfayNw,「デザインは人生を広げる力になる」UIUXデザイン学習サービスBONOが目指す、未経験からデザイナーを育てる道筋とは,"Dec 11, 2024",2006,108,12.086,2,92.205,3436,2.04
Vn3CJaboDso,【初心者デザイン】「構造分解」勉強法で目を鍛えよう、やり方徹底解説,"Apr 26, 2024",1729,106,18.4656,1,289.633,2081,1.78
FMRaXnCGpWA,【関係で理解】UIデザインとUXデザインの違いは？,"Oct 28, 2024",60,104,0.6057,0,1.39,2014,2.33
WwME88YrLNg,UIデザイナーの働き方、仕事の流れってどんな感じなの？【休憩コラム】,"Jul 22, 2021",865,103,8.2854,0,42.413,1274,2.9
tkKDc7ao_NY,【ラジオ】UIデザイン初学者時にiOS7に衝撃を受けた。最近のAIと非効率と影響をデザイン,"Apr 1, 2025",2903,103,17.8574,1,128.742,5779,1.23
PJ9949SJozc,【業界初心者】WebとUI/UXデザインの会社と仕事、制作・事業会社の違いと共通点 / 実在する会社と採用情報から解説 #ようこそUIUX,"Aug 19, 2024",4403,100,23.4116,0,148.565,3037,1.81
PL32YokDBxA,"【代替ツールあります】月額6,000円のAdobe税から脱却しました。","Jan 23, 2021",479,100,4.1048,0,92.802,2023,2.62
ndPBPrhbXdU,【デザイン学習】独学する人のための『目標設定』のやり方 / 学習の継続・ 成長の実感,"Jul 5, 2023",795,98,9.0366,2,125.57,1044,1.72
NAogN2B30cw,【未経験でも大丈夫】採用されるUIデザイナーに必要な4スキル！デザイナー10年目が解説 _ はじめてのUIデザイン #終了,"Jul 26, 2021",1841,94,8.5674,0,80.649,1340,4.4
iLxjZ9CG2qM,Figmaのオートレイアウトが動かない？なら確認してみるポイント２つ,"Aug 27, 2024",60,94,0.7568,1,1.077,1375,2.4
Ow3AJh7_CAs,【UIデザイン超基礎講座】Twitter風アプリを作りながら学ぶデザインチュートリアル - まずは準備をしよう編#1,"Apr 12, 2020",332,92,1.4684,1,22.296,1830,1.8
55wj6Bdqc6s,【ページ間の移動考えたことありますか？】ページ同士の関係性とボトムナビのデザインを解説  - はじめてのUIデザイン#8,"Jul 15, 2021",577,90,5.7841,0,35.86,1386,2.53
-bhZstERlLs,【Goodpatch】デザイン会社が成長し続ける理由とは？日本のデザイン会社が上場したので調べてみた,"Jun 13, 2020",1201,86,11.5175,0,72.645,1241,4.92
qDfnyywfP8k,【2024】30代在宅独身UIUXデザイナーが買ってよかったもの,"Jan 22, 2025",1762,86,5.9513,0,110.041,4269,1.43
_RFD_rlQxHI,【STUDIO講座】余白やサイズを変更してレイアウトを整えよう！手を動かして学ぶSTUDIOWebデザイン #3,"May 6, 2020",1295,85,5.6817,0,67.648,1334,1.57
yvHBDiI_zWM,良いUIをデザインするための7つのTIPS,"Jan 6, 2023",1476,85,8.9758,0,82.074,1761,2.9
tPSHeNYAq7I,UXって何よ？3つに分解して理解しよう,"Nov 4, 2024",59,84,0.6186,0,1.101,1348,2.89
FAqjI2yZoyg,【デザイン基礎】実はフォントってデザインの印象を決めるんです。フォントの基本 - グラフィック入門[1-1],"May 10, 2022",1280,81,7.796,0,58.619,1190,3.87
FVVQWKhG0k8,【初心者】デザインを進める基本の流れはコレです! デザイン原則と審美眼を身につける7ステップ,"May 7, 2024",1679,77,8.3033,0,95.897,1739,1.67
MlhxKT8JOEw,【デザイン基本４原則】整列って何よ？  #デザイン,"Feb 7, 2025",78,77,0.3774,0,0.735,1380,1.01
fTjJy0QwjLs,【初心者デザイナー必見】AppleやGoogleがつくった、デジタル時代のデザインの教科書を紹介します【プログラマーも】,"Mar 1, 2020",692,75,3.8718,2,30.969,1455,3.99
qgPPpSFkOw0,【STUDIO講座】画面の説明とオブジェクト配置方法を身につける。手を動かして学ぶSTUDIOWebデザイン #2,"May 5, 2020",1302,74,6.663,3,86.36,1457,1.17
a7kkkjqT52U,制作会社と事業会社の違いは？ / デザイナーとして活躍するための選択ガイド / 会社が何をやっているかを「デザイン流れ」でリサーチする / とはいえ存在する違い,"Jan 5, 2024",1554,73,12.3553,2,102.039,1741,2.81
hurxtcyM5J4,【初心者向け】見た目から始めない？提案できるUIをデザインする流れを紹介します【UXデザイン】,"Apr 7, 2021",1002,73,8.1196,0,52.103,612,2.61
SE1ZgSFFLuQ,【UI/UXデザイナーになる方法&勉強法①】3つのスキルとアウトプットの習得を目指そう！,"Dec 28, 2021",2370,72,11.0588,0,82.613,1137,2.11
ljhR_mfWoJE,【UIデザイナーって?】UIデザイナーがどんな仕事なのか、10年目のデザイナーが解説してみた,"Nov 4, 2022",2065,71,13.3578,1,117.527,1202,2.08
d3RfQ8YAhT8,【BONO】休学してデザイナー内定を獲得したメンバーに辿り着くまでの話を聞きました。 | YOUはどうやてデザイナーに？,"Apr 28, 2022",2677,69,7.2102,0,98.702,754,3.05
sXIYiJcYaEU,バナーデザイン7つの秘密。守れば確実に見違えます。,"Feb 24, 2023",1308,69,3.9043,0,100.903,728,1.24
wfUiWPVHUz4,【UIデザイナー】できる人は全てやってる、8つの『強いUIデザイナーの立ち回り』 / UIデザイナーの役割は”チームでの課題解決率を上げる”こと / 良いUIを作るために顧客と課題を主語にしよう,"Sep 23, 2023",2790,69,13.7376,0,59.429,1962,1.48
sfe_2_TsW5I,【バナーデザイン入門#2】レイアウト：崩れないデザインの土台を作る方法をマスターしよう,"Mar 22, 2024",2006,66,9.6203,0,31.722,1594,1.51
zA41duq5Usc,【使いやすいUIの秘密】UIで道案内！ナビゲーションの基本 / ユーザーの起点になる情報を配置する / 構造を整理する方法 / グロナビとは？,"Dec 13, 2023",1582,66,8.5341,2,63.287,1613,2.42
AUS8IljopvI,【未経験転職】カスタマーサクセスからUIUXデザイナーに！CS経験を活かしてスピード内定、自己分析の差別化コツは？,"Aug 13, 2024",2560,63,7.8985,0,129.734,2060,1.65
Hkf4k-Ib3KE,【UI/UXデザイナーになる為の学習ゴール①】3つのスキルとアウトプットの習得を目指そう！,"Sep 23, 2022",1175,63,3.1583,1,34.845,1219,3.45
LxMahIy7Pls,21歳の時、大学を休学をしてやりたいことに向けて歩き始めた話をします。,"Mar 22, 2020",1143,61,5.0036,0,37.592,1314,3.35
Rb7kwYr5lRM,デザイン未経験者が業界イベントに行くメリット #UIデザイン #uxデザイン,"Nov 28, 2024",70,61,0.4753,0,0.904,1062,1.88
X_QFgX6VxX4,【UIデザイン必修】3つの「選択UI」の違い、わかる？ / マテリアルデザインを使って「選択UI」の使い方を解説,"Aug 21, 2023",1344,61,4.2759,0,35.428,1202,2
-0aneW0EihI,FigmaでライブWebデザイン - オートレイアウト機能を使ってシンプルなサイトを作る,"May 2, 2020",2300,60,3.8537,0,64.021,200,3.5
DCGA4AHn87Y,【未経験から】社会人やりながらUIデザイナーに！スカウトが来た？面接にはお土産？勉強時間確保や採用までの道のり。 | YOUはどうやてデザイナーに？,"Aug 19, 2022",3345,60,7.0243,0,38.077,1609,2.24
XxAUV2oH_mI,【βリリース】『新フィードバックプラン』はじめます！伸び代に気づいてUI/UXデザインの“土台”を作る1ヶ月にしよう,"Apr 1, 2025",809,60,2.7547,0,,5063,0.81
YJsumqB3dv4,【未経験転職】会社探しは計画的に！社会人からUIUXデザイナーになるまでの勉強方法を聞いてみた。 | YOUはどうやてデザイナーに？,"May 24, 2022",2675,60,10.8214,0,109.138,1059,2.74
6LUzQYqildg,勉強になるすごいデザイン会社5選【世界から学ぼう】,"Jan 28, 2022",891,59,2.858,0,34.9,913,3.72
MqKL_-hVYzI,UXデザイン基礎コースを紹介します！デザインで顧客の課題を解決する基本を習得しよう,"Nov 1, 2024",994,58,3.9837,1,132.556,2575,1.28
GmypM6f5bt4,Figmaが開く世界規模のカンファレンス,"Nov 29, 2024",60,56,0.4377,0,0.642,1227,1.14
BvFHlEuTknQ,【デザイン基本４原則】整列って何よ？,"Jan 28, 2025",63,55,0.2888,0,0.606,1072,1.12
j7UZzIwYwlk,【Figma】なんでオートレイアウト使うの？,"Aug 2, 2024",49,55,0.3801,0,0.845,1774,1.47
jBwSWMwtK9Q,【製作の流れ見れます】ダメUIをリデザインしました。4つのステップで今日から始めよう。,"Feb 10, 2021",787,55,3.8201,0,39.131,2080,1.59
GM4zOfuHWHU,価値提供して年収上げるためのWebデザイナーのキャリアについて話してみます,"Sep 11, 2020",1179,52,4.6662,0,101.064,1923,1.35
VR2oSfYL-fo,国内IT企業のデザイナーの年収はどれぐらいなのか？ #uiデザイナー #uxデザイン,"Oct 25, 2024",61,52,0.512,0,,2570,1.28
3w-_6-1Ytp8,【Figma2023最新アップデート解説】VariablesとDevmodeでデザインとコードの壁がなくなる？ / UIづくりが専門ならコードも理解すべき,"Jul 4, 2023",2400,51,7.1263,0,100.495,1402,1.43
868u3fhakTI,【前編】自ら機会を作ってデザイン経験を積んで転職。未経験からの社内デザイナー転職話 ※後編はメンバー限定【営業からデザイナー】,"Jun 21, 2023",1489,51,3.6531,0,34.553,1252,2.4
T1ZKZxn0fOI,【デザイン基礎】実はフォントってデザインの印象を決めるんです。フォントの基本 - グラフィック入門[1-2],"May 19, 2022",1051,49,3.5378,0,28.259,763,3.54
5Wr1vOniW1o,【UIデザイン必修】マテリアルデザインでTabUIの基本を学ぼう〜！ / コンテンツのみ分類 / 階層関係が重要,"Sep 1, 2023",1001,48,2.9988,0,33.448,1367,1.83
Xq3B2mkmln0,Webデザインの新時代。プログラミングなしでWebサイトが作れるSTUDIO解説講座スタートします #1,"May 3, 2020",583,48,1.4587,2,43.754,1325,0.83
xCEgc9onjEo,UIUXデザインの納品物は？ #ようこそUIUX,"Sep 11, 2024",1596,48,7.4107,0,55.194,2382,1.26
wT0_gEVDqsc,【Figmaのビッグイベント】Config2025、ヤバいスピーカーを探して語る夜 with takizawave,"Apr 17, 2025",4081,47,13.8407,0,,1035,1.26
Ovf4HKUj4wI,【UIデザイン】イケてない新規登録UIを、解説しながらリデザインしてみた | UIポリス,"Mar 8, 2020",620,46,2.0514,0,35.703,664,3.31
TGp8iNvJjs0,論理的にサイズを決めてキレイなデザインを作る方法 ー UIデザインをビフォーアフターで考える,"Dec 2, 2021",500,46,2.2267,0,33.984,2411,1.12
6SYHSYx6zMU,デザインの専門学校は学びコスパが低い理由【行くなら最終手段で】,"Sep 1, 2021",2527,45,4.2892,0,42.689,756,2.51
riVzSCFRnBs,【UIデザイン】シャドウってどう使うのよ？ - 階層と関係性が大事です,"Aug 19, 2021",952,45,4.6121,0,49.301,2202,0.59
IGBk6-n3xTQ,【配色テク】サービスUIの配色ってどうやるの？についてシンプルに答えました。,"Oct 11, 2020",448,43,2.1696,0,17.901,720,3.89
l1dAWkVeOGs,【未経験・初心者】デザイナーへのステップ - 採用されるデザイン力を磨く3つの方法 | 中編【独学】,"Feb 23, 2020",1015,43,4.2016,0,45.699,598,2.84
AlEVGLp3m-U,【2022年】UI/UXデザイン習得方法。ロードマップの試作版、作りました！,"Mar 8, 2022",941,41,2.5184,0,24.034,830,3.01
qN1yT05dsmY,【初心者向け】UIデザインで最初に決めると良さそうな配色パターン,"May 17, 2019",375,41,1.7983,2,31.172,435,5.29
5LvZiB0a39E,UIUXデザインの納品物って何？,"Sep 13, 2024",60,40,0.3236,0,0.63,894,1.34
LYIfzqv8CHo,無料 UIデザインが上達する”フロー”と”オブジェクト”の整理ってなんだ？  良いデザインを判断可能になる方法,"Jan 17, 2022",1071,40,3.9274,0,35.537,748,2.67
ZZ6HRZgL5QU,"【豆知識】UNIQLO U（ユニクロU）の ""U""の意味、知ってる？ロゴが表現するユニクロの意図とは...!!【買い物が楽しくなる】","Feb 21, 2020",987,40,1.3158,0,13.947,322,0.93
ulDgItFyiY0,新人デザイナーが要件共有で成功する立ち回り。ディレクターと協業して顧客目線を入れていく,"Oct 11, 2023",1823,40,5.1443,0,18.627,1391,0.79
xkjSiMpcgOM,"毎日""つくる""ことが上達の近道。デザインしつづけるためのポイントを紹介 - デザイン力を伸ばす方法#1","Aug 12, 2020",478,40,1.6584,1,39.603,531,3.58
qXT31H2Jw-I,【デザイン本】まだ読んでなかったら絶対読むべきデザイン初心者向けの本を7冊紹介します📚,"Oct 29, 2020",599,39,1.2375,0,55.503,567,3.7
EyITK_OzCGI,ポートフォリオって何？採用したい人が見たいスキルを考えよう【なくてもOKです】,"Aug 5, 2021",875,37,2.4259,0,119.281,801,2.12
e8Pg5LPhdsY,【UI/UXの勉強法】超大事！ユーザーと一緒にUIをデザインする体験をしよう - akihiroさんにインタビュー！,"Dec 8, 2021",1733,37,3.2593,0,32.755,1193,1.84
dERkC04fm8s,AIデザイナーがバナーを作る？バナーデザインの2タイプについて解説してみた,"Jun 3, 2020",1004,36,0.9826,1,38.868,611,2.78
fgk9h7GOycI,【STUDIO講座】新機能アニメーションの方法を解説！プログラミングなしでWebデザイン - 手を動かして学ぶSTUDIOWebデザイン #5,"May 9, 2020",1413,36,2.5424,1,76.118,1476,0.54
u0BmvKtlm6A,【UIデザイン超基礎講座】UIコンポーネントを使ってヘッダーをデザインしよう#2,"Apr 13, 2020",676,36,1.3561,0,23.144,1840,1.52
yH0W9PjgOuo,【バナーデザイン入門#3】文字：伝える文言でデザインは劇的に変わります。レイアウトの質を上げる優先度の付け方,"Mar 27, 2024",2643,36,6.4852,0,77.006,1535,0.59
-gLtkdSCu80,【未経験・初心者向け】デザイナーになるためのステップ徹底解説  | 前編 - 目指すデザイナーとデザイン基礎力の磨き方!! | 前編【Webデザイナー/UIデザイナー】,"Feb 16, 2020",1660,35,3.0925,0,28.009,1438,1.81
YJG1nnmPpgw,【新コース紹介】バナーデザイン入門コース！プロの進め方が全部見れる、デザイン基本原則を作りながら習得するグラフィックチュートリアル,"Mar 22, 2024",1219,33,1.929,0,15.497,1417,0.35
U5fN-z1XcMY,【UIデザイン】4つの視点で、UI考察力が格段に上がる方法 ※途中まで,"Dec 22, 2021",662,32,2.0337,0,20.823,666,2.4
s1IDt0W78xU,未経験でUIデザインを始めるのに必要なデバイスやスペックは？,"May 17, 2024",951,32,1.7709,0,13.394,1455,0.76
u2rrX0dMm0Q,デザイナー必見！AIがデザインする新サービスを4つ解説 / AIはデザイナーの仕事を奪うのか？いや、僕らは良い友達になるのかもしれない...,"Mar 3, 2023",1435,32,2.9793,0,35.625,907,1.43
_Hu4i9AN8JU,【未経験転職】惰性で学ぶのが無駄だった。短期で社会人からインターン→デザイナーになった話 | YOUはどうやてデザイナーに？,"Jun 8, 2022",2148,30,3.2883,0,18.681,692,3.47
l6zDbXX5qEE,デザインの独学って難しいよね...。勉強を継続するコツを本気で考えたのでシェアします,"Dec 27, 2022",938,30,2.7551,0,12.566,850,2.12
uCLsgyF5pHU,【Vlog】Figma Config 2024 - 世界最大級のデザインカンファレンスに参加してみた,"Jul 16, 2024",918,29,1.8345,0,26.277,2304,0.69
wFmWbxhdDk0,普段聴いてる、デザインが学べるポッドキャストを6つ選んでみた,"Oct 27, 2021",899,29,1.9322,0,30.327,571,2.28
s7Hvw3zildw,【ラジオ】デザイナーが活躍するタイプを３つに分類してみた,"Jul 21, 2023",1459,28,3.4495,0,27.618,1030,1.94
bSZPKDMYxYI,【今日から使えるテク】カンタンに綺麗なデザインを作るコツは、サイズを倍数管理することです - UIデザイン、Webデザイン、バナーで使えるコツ,"Jul 19, 2021",752,27,1.7462,1,13.901,608,3.29
dMIV1sKsBow,【正直PCだけで十分です】働き方自由な在宅フリーランスデザイナーが仕事で使ってる道具を紹介します。,"Jun 13, 2021",815,27,1.4008,0,19.697,441,4.08
39kPjzNwUb4,【バナーデザイン入門#4】配色&装飾：伝わる雰囲気をつくるグラフィックのデザインテクニック,"Mar 29, 2024",1736,26,3.2413,0,16.167,1476,0.75
B6QsaFTIxr4,役割と優先度がポイント!ことばのらしさで変わるバナーデザイン,"Apr 3, 2020",630,26,1.7875,0,55.896,1199,0.58
oGhPSHG8S_E,デザイナー転職を目指すあなたへ。スキルを効果的に身につける勉強法7つのコツ,"Jun 7, 2023",1469,26,3.7285,0,10.131,1141,1.67
28fbu_-ZROg,【転職/就職】デザイナーが自分に合う会社を選ぶ方法,"Sep 2, 2022",896,25,2.7041,0,38.999,813,2.58
36AsKVMw0XA,未経験でもデザインの現場にインターン/アルバイトで入るコツを紹介。まずは経験値、あとでお金は回収しよ？,"Feb 21, 2021",643,25,1.8729,0,14.628,527,3.04
bBjTQrPaWVM,気をつけないと成長が遅くなるデザインの進め方4選。速くするためには何を作るかアイデアを定めるのが大切,"Oct 19, 2020",820,24,2.1664,1,23.508,1064,0.94
lAnd-G4NYiY,【STUDIO講座】プログラミングなしでブログ更新できるWebサイトをデザインしよう！CMS機能を使う - 手を動かして学ぶSTUDIOWebデザイン #4,"May 7, 2020",1166,24,1.6549,0,6.543,1280,0.55
le7u3b0b8C0,【超初心者向け】Adobe XDのはじめ方 | プロの操作で学ぶ基本ツール使い方講座〜Youtubeサムネイルをつくりながら学ぼう〜,"Mar 7, 2020",888,24,1.1278,0,25.113,698,2.58
9Zyh2fRWcKU,【UI IDEA - 1】ゼロからデザインするときに最初にやることのフローを実践で解説していきます！,"Nov 8, 2020",635,23,1.0261,0,25.02,475,1.89
l2tDnxeq-Y4,毎日10分で始める！差がつく4つのクリエイティブトレーニング方法,"Jan 12, 2020",1002,23,2.2428,1,13.875,438,4.79
bwcW6xqvXNk,【UI/UXデザイナーになる為の学習ゴール②】ゴールにすべきアウトプットと勉強する内容を徹底解説！,"Dec 29, 2021",1820,22,1.5212,0,18.724,754,1.99
ZYmYjcDa8UM,LP 勉強会 part1,"Jun 28, 2023",801,21,0.8042,0,18.304,770,1.95
mhxRDTp7zEg,【作業&ラジオ】デザイン伸び悩みで不安になった時、１歩踏み出す方法【と、なぜ移住したのか】,"Jul 5, 2021",2012,21,4.651,0,25.821,594,2.69
G8v8UCX-7tQ,デザインの勉強をしていた時にやっていた習慣についての話【独学でデザイナーに】,"Oct 13, 2021",823,20,1.8904,0,8.551,676,1.78
Oko8X7QtX68,【UIデザイン超基礎講座】ツイート画面のUIをデザイン - フォントサイズの豆知識と今までの総集編 #5,"Apr 17, 2020",1043,20,0.9019,0,3.815,1551,1.03
WmpDIpqq2Zw,【デザイン素材】無料で高品質なアイコン素材が探せるサイトを紹介します,"May 24, 2020",660,20,0.5215,1,17.053,640,1.72
us_e4BNMoFk,【UIデザイン超基礎講座】役割を意識してレイアウトを考える -  「フィード」UIをデザインする#3,"Apr 14, 2020",980,20,1.575,0,9.677,1724,0.75
GGpQLt5-ue4,【UI PATTERN】センスじゃなくロジックと知識でデザインパターンを出す方法を解説します | UI PATTERN 2/5,"Nov 29, 2020",420,19,0.8425,1,13.969,357,1.96
RGAwYCUAa3o,いつ読むの？いまでしょ！デザインの基礎パターンが丁寧にまとめられているMaterial Designを紹介 | UI PATTREN 3/5,"Dec 1, 2020",656,19,1.1451,0,8.37,385,2.86
TjHOduJOtDo,【UI PATTERN】デザインパターンを出す方法を、ゼロから作りながら解説&実践していきます。 | UI PATURN1/5,"Nov 26, 2020",552,19,0.8686,0,21.298,408,1.96
ld8IKbQwWno,【UI IDEA - 2】実践公開。デザインする前にフローを整理、何がUIに必要そうかアイデア出しをします。,"Nov 14, 2020",1254,19,1.1572,1,19.54,503,2.58
wUBzE6twhCE,【Webデザイン】伸びない人の学習方法とは？上達を速くするコツを解説してみた。参考を集めて盗んで作ろう【UIデザイン】,"Feb 29, 2020",646,19,1.8627,0,15.982,522,3.07
Bh7FKbWtzjs,【おすすめ本】iPodのコンセプトはどうデザインされたのか？から、プロダクトのデザインってこういうことか〜！がわかる本,"Oct 27, 2023",856,18,0.9122,0,3.566,1198,1.09
Ewaf_107nwE,デザイナーとデザイナーを目指す人もSNSするべき？,"Aug 16, 2021",883,18,1.2151,0,7.898,468,1.07
1Gdno3bNtUI,2021年もデザインを伸ばすにはこれしかない。習慣化と、効率良くデザインの経験値を得るコツ。,"Jan 6, 2021",513,17,1.0221,0,7.692,1086,0.83
VPE1senBWNo,【学習環境①】デザイン勉強、最初は辛いので量を確保！時間を死守！しよう,"Apr 8, 2022",346,17,0.7279,0,4.34,514,1.36
fzWhsCb0a9U,【UIデザイン超基礎講座】ついに完成! UIに動きをつけてTwitterライクな投稿画面へ遷移させよう #6,"Apr 19, 2020",1245,17,1.2274,0,5.71,1332,0.9
rVrTenmVfhk,【ラジオ】デザイナーは勉強しつづけない生きていけないのか,"Aug 7, 2023",1905,17,3.8278,0,17.655,1010,0.99
uqdybT5ldC4,"【UIデザイナー】コード書けなくてもOK! できるデザイナーがやってる『エンジニアリングに貢献するべき』5つの理由 / エンジニアと協業するための""仕組み化""、""デザインデータ""、""モチベ""の概念","Nov 15, 2023",1816,16,2.6964,0,6.814,1066,0.28
wt_w1WWolCU,AIにも負けない「デザイナーキャリア構築の考え方」/肩書きで考えたら怪我する/デザインの流れのどこで力を発揮したいか/やりたいことは流れのどこか,"Dec 27, 2023",957,16,0.9581,0,10.39,1205,0.83
4At0b4xn-Hk,"【UIデザイン】ダメなUIから学ぶ""モード""の基本。モード切替は遷移ではない。モード中は別ユニバース。マリオは右に進む","Dec 8, 2023",1629,15,0.4863,0,,574,0.52
BUShPJ7zWYE,【BONOラジ】 #1デザインシステムとはなんぞや！ざっくり概念を考えてみる,,1166,15,1.592,0,,1,0
D9b3ub-lO8E,デザインの深さを垣間見る。巨匠の考え方が知れる年末年始に読みたいデザインの本 | 後編,"Dec 29, 2020",563,15,0.4885,0,15.974,441,2.27
L5O0_LL00t0,【UI IDEA - 3】実践公開 : UIをラフに具体化する前のリサーチと紙を使ったアイデア出しをお見せします,"Nov 11, 2020",1830,15,1.6026,0,46.668,348,2.59
_Q5YS4uJAJU,AdobeがFigmaを買っちゃった...今後何が起こる？,"Sep 16, 2022",896,15,0.9027,0,6.306,623,1.61
f1DYe5h5aec,【Figma Config 2022】超便利になった最新機能15個を使ってみた！,"May 12, 2022",1366,15,0.7183,0,10.987,581,0.52
HvtpbpREf7s,【UIデザイン超基礎講座】画像の埋め込み方法とテキスト配色のコツを使ってフィードを完成させよう #4,"Apr 15, 2020",719,14,0.6682,0,18.429,1606,0.5
YBLwy-MUOLo,【オススメキャリア】サイトやサービスの改善アイデアを提案できるWebデザイナー,"Sep 14, 2020",911,14,0.9305,0,10.762,1264,0.55
fSz5t1zf6bQ,「フィードバックもらってデザインを直し続けた...」デザイナーとして内定するまでにBONOをどう使い倒したのか,"Aug 9, 2021",2385,14,0.9379,0,23.149,648,1.54
lPcE4Io1I2c,【UI基本型】絶対使う！ヘッダーUIの基本型をMaterial Designを使って解説します | UI PATURN,"Dec 12, 2020",670,14,0.5324,0,3.869,397,2.27
t-MvT_LRaz0,覚えるだけ！スマホの「検索フォームUI」には基本パターンがあります。,"Jan 15, 2021",550,14,0.7204,0,22.115,407,1.97
yVF94nmLY4g,書くだけで40%も達成率が上がる目標設定の方法 | フリーランスの仕事術,"Mar 11, 2020",694,14,0.5674,0,3.927,298,3.36
7mfk5zW2L_o,【作業や勉強に】デザイナーってぶっちゃけ儲かるの？ | 「ぶっちゃけデザイン」ラジオ,"May 8, 2021",1665,13,1.5799,0,16.282,493,1.83
D76QjaupfWI,このチャンネルのこれからについて,"May 15, 2024",3198,12,0.7352,0,5.044,1717,0.35
27yX9JOHIiI,平均給与はいくら？GoodpatchのRedesignerの資料から、企業がデザインに対して何考えてるのか見ていく,"Nov 22, 2022",2124,11,0.8883,0,4.15,336,2.98
CYTAEjuGfFA,デザインは感覚じゃない？目的を達成するデザインの正解と、達成イメージを話します。,"Oct 1, 2020",494,11,0.7161,0,5.927,468,1.92
G4iuHPKKJ2w,デザイナーのキャリア構築：信頼されるデザイナーになる3ステップ,"Dec 29, 2023",1619,11,1.6602,0,4.968,1237,0.49
LCR1gtyJUIM,Figmaのリリース予定の新機能がすごいので紹介します,"May 13, 2021",720,11,0.6151,0,7.755,392,1.02
T6E0juCwpxo,【BONOラジ】#4 デザインの基本の流れを理解して優勝するラジオ,,2066,11,3.1685,0,,0,
eGL95wHVPiM,【デザイナーお仕事】新規登録LPカイゼンってどうやってデザインするの？ - 「マネーフォワード クラウド会計」のいなげくんにインタビュー！ 前編 | HowDoYouDesign?,"Nov 19, 2020",1037,11,0.6655,0,16.131,308,1.62
s6TOFPMAK3U,デザインのインプットは必要ない？アウトプットに多く振る理由,"Aug 14, 2020",466,11,0.6613,0,3.61,441,2.04
ulr6GJiHMzQ,【BONO】デザインを深く学べる動画サービスを新しくはじめました,"Aug 7, 2020",739,11,0.5288,0,,295,1.36
yoZt5DVPwlA,【UIデザイン】UIデザインを効率よく調べられる便利サイトを紹介！スマホアプリやWebのスマホデザインにも使えます,"May 27, 2020",750,11,0.3713,0,2.898,583,1.72
8faUtNVZ2Kg,【初心者】Photoshopはもう古い!! 2020年デザインを始める人にオススメの無料デザインツール【Webデザイナー/UIデザイナー】,"Feb 24, 2020",449,10,0.5171,0,4.752,842,0.83
CXnH-m8bJqA,デザインをどう組み立てる？デザインプロセスの事例が発見できるサイトを紹介します,"May 29, 2020",742,10,0.5358,0,17.148,389,1.54
EtZ9PAQVASM,デザイン共有は怖くない！エンジニアさんと仲良くなる🤝デザインデータの作り方勉強会,"Dec 22, 2022",1146,10,1.2449,0,3.911,680,1.18
M7W5nJMeNUU,合計200分越えるFigmaの使い方チュートリアルを無料で出してる理由,"May 26, 2023",735,10,0.1654,0,92.378,707,0.71
YQewlUk1lp8,デザイナーはコードを学ぶべき？学ぶ4つのメリットとオススメ学習目標を話します,"Oct 4, 2020",931,10,0.9631,0,15.195,334,1.2
_DoDghHme5A,未経験からUIデザイナー、Adobe必須？,"Sep 7, 2022",651,10,0.4076,0,1.319,632,1.42
_T--yVbiFJg,【UI基本型】絶対使う！ヘッダーUIの基本型をMaterial Designを使って解説します | UI PATURN,"Dec 9, 2020",582,10,0.4518,0,4.096,437,1.83
cSqfRKpWmcs,【徹底的にパクる】キレイなデザインを作るための初心者勉強法,"Nov 3, 2021",515,10,0.7674,0,9.682,481,1.04
dFEt5rfcnMk,【デザイナーが解説】Webデザイナー・UIデザイナーとして採用されるための基準と方法を徹底的に解説してみた | 後編,"Mar 18, 2020",1204,10,1.0256,0,3.346,1444,0.55
gvgjg94cAz4,"【作業&勉強用】リニューアル失敗での挫折。""美大コンプレックス""をいつ乗り越えたか | 「ぶっちゃけデザイン」ラジオ","May 19, 2021",1998,10,2.5107,0,11.424,377,1.06
rDPOmbZkjn0,【BONOラジ】#3 センスが身に付く呪文「チシキトサンコー」について,,3065,10,3.891,0,,0,
woMn3Yx1XVY,AdobeXDって使われてるの？ITのデザイン現場で使われているツールについてしゃべってみた,"Apr 26, 2020",642,10,0.184,0,105.091,327,0.92
Dm4uJWSfh8Q,デザインの引き出しが増やそう！参考デザインを集める3つの視点 | UI PATTREN 4/5,"Dec 4, 2020",400,9,0.4709,0,,370,1.62
LM1svx5gQVw,【ラジオ】新卒1年で辞めてアプリの会社に移った / Youtubeなんでやってるん？ | 「ぶっちゃけデザイン」ラジオ,"Apr 19, 2021",2275,9,1.3303,0,14.015,377,0.53
T9OyxpjAhHA,【キャリアとスキル#1】作業的スキルとアイデア的スキルの考え方を知って、自分で欲しいスキルを付けられるようになろう,"May 13, 2020",761,9,1.1154,0,5.14,370,1.62
VMvx8JsWXfc,【BONOラジ】#8 UIを考えるときは「行動フロー」で幸せになる,,2362,9,2.9494,0,,0,
lQBjtpOrmYs,【Webデザイナー】長期的な成長戦略と、スキルが身につく働き方とは。フリーランス・事業・制作会社の3つを比較して考えてみた,"Mar 15, 2020",1157,9,0.964,0,26.744,965,0.73
7CN9awADb1E,1つデザインするのに何パターン作ってる？デザイン力を成長させるパターン作成のコツ,"Aug 28, 2020",493,8,0.4152,0,10.18,398,1.51
CAOZAV5R34c,【初心者必見】デザイン勉強の順番イマイチかも？ツールは後回しにすべき理由とオススメ勉強方法【デザイナーになる勉強法】,"May 3, 2021",508,8,0.3761,0,7.756,447,0.67
HDiykZFA1mo,【デザイン学習環境④】デザイン始めたては知らない。学びを文章にすると良いこと盛り盛りだぞ...,"Apr 22, 2022",539,8,0.5648,0,4.028,484,0.62
I3ECq4W5jnI,デザイナー目指す人が文章を書くと良い理由。,"Jan 8, 2021",452,8,0.4082,0,2.066,965,0.41
WZ8ovkg36BA,【Webデザイナーキャリア】かっこ可愛いモノを作ってるわけじゃない？ブランドをデザインするデザイナーのお仕事を紹介,"Sep 18, 2020",1129,8,1.0109,0,2.874,1288,0.39
iPjPQRC-S2E,【学習環境②】デザイン上手くなりたいから、毎日良いものを探す！探すんやっ！！習慣,"Apr 11, 2022",362,8,0.4848,0,1.288,491,0.61
mhmOnsIt9I8,【1.5万登録ありがとう!】12の質問に真剣にお答えしました。/ Youtube伸ばすコツは？ / 29歳の時何してた？ / 説明上手くなるコツは？ / 動画を続けるモチベは？,"Apr 5, 2023",5568,8,2.3417,0,6.969,706,0.99
oHQckmrlycQ,【デザイン】グラフィック力上げるには、TIPSではなく「目を鍛える」必要があると思います【良いものを集めよう】,"May 17, 2021",497,8,0.7502,0,4.597,392,1.02
p7SjWj_-ZOI,【Webデザイン】イケてるWebデザインを知るための情報収集サイトを紹介します,"May 23, 2020",783,8,0.5107,0,0.542,354,1.98
pjWgXdshScM,【初心者向け】知ってると効率がぜんぜん違う、AdobeXDショートカットの使い方14選,"Apr 12, 2020",713,8,0.491,0,32.416,397,1.51
5rcjFdZUdZw,初めてWebデザインのお仕事を受けた時のお話 - 案件を得るのに必要なスキルについて,"Nov 10, 2021",1023,7,0.6,0,5.887,447,1.34
_mR-LPv5lBg,地方からデザイナーになるには何が必要？,"Sep 5, 2020",764,7,0.5215,0,1.988,375,1.33
dkrD3QKk_1Q,自分のデザインを良くする！改善アイデアを出す4ステップ🏄,"Jan 13, 2021",570,7,0.3377,0,1.92,317,1.89
jofl3V2vmq8,【学習環境③】デザイナーと業界に詳しいと、学び方もすこ〜し変わります,"Apr 19, 2022",443,7,0.4676,0,1.454,482,0.83
vS51eUUspfU,【Webデザイナー】スキルを付けていくなら最終的に独学が大事。スクールと独学のメリットデメリット【UIデザイナー】,"Mar 4, 2020",838,7,0.4815,0,3.247,376,1.6
xbWoyxNhDiI,"【BONOラジ】 #2 会社選びは""言い訳できない環境""というアイデア。UIデザイナーとして給与上げるには計画",,2287,7,3.1914,0,,0,
DmXotV_dXXM,"【Webデザイナーキャリア】見た目も仕組みも""質""にこだわりたいならオススメ！デザインとエンジニアリングを行き来する「Web屋」というキャリアパス","Sep 23, 2020",890,6,0.6894,0,3.842,1198,0.42
JGBhPNpFCTQ,【BONOラジ】#6 サービスの価値ってなんぞ？【相手の変化量】,,2264,6,0.3479,0,,1,0
VaQ_ourbmV4,"【UI基本型】よく見るあの浮いてるやつ。要素をまとめて1つにまとめられる""カード""UIについて | UI PATURN","Dec 18, 2020",546,6,0.1898,0,1.704,315,0.63
kVCz7UUtLo0,【デザイナーお仕事】実際に効果のあったデザインとは？UIで大事なのは使う人の気持ち - 「マネーフォワード クラウド会計」のいなげくんにインタビュー！ 後編 | HowDoYouDesign?,"Nov 20, 2020",1143,6,0.9996,0,5.374,286,1.05
q2J_-M8xSLE,AdobeがいいとかFigmaがいいとかじゃないんだ。結局手を動かした人が強いよという話です。,"Feb 28, 2021",344,6,0.1121,0,7.355,367,1.36
s40eUhzTla4,【BONOラジ】#5 フリーランスになって楽しいこと辛いことを話してみる回,,3115,6,0.8896,0,,0,
tBx-KmaZwos,【キャリアとスキル#2】2つのスキル分解がコツ。求められるデザインのスキルとキャリアを築いていく考え方,"May 16, 2020",812,6,0.74,0,1.029,362,1.66
wK47ZRjCJdI,“デザイナー”不足って本当なんですか？シニアとゆるトーク,"May 15, 2020",6500,6,1.1856,0,3.535,73,1.37
0bn7dqQVBxQ,【デザイナーの働き方】新しい会社の上司がリモートで仲が深めづらい時、どうしたらいいの,"May 30, 2024",1111,5,0.4873,0,1.632,1471,0.27
25QK9FbDFBs,【コミュニティ始めました】プロとデザインを学ぶコミュニティBONO(ボノ)ってなんなの？,"Apr 11, 2021",544,5,0.2571,0,2.896,322,1.24
3y08x3RdoCM,フィードバックを得つづけてスキルを伸ばしていく方法,"Aug 25, 2020",478,5,0.2718,0,1.203,394,1.27
4c6ybubNg90,【BONOラジ】#14 デザインとは？創造とは？われわれは何のためにデザインしているのか？,,2254,5,0.8682,0,,0,
7a-2xr-aDp4,【1枚で図解解説】ブランドとテックのサービス設計 - D2C「世界観」と「テクノロジー」で勝つブランド戦略,"Apr 5, 2020",1207,5,0.5531,0,0.669,330,0.3
B81Tcd5OGP8,【BONOラジ】#6 サービスの価値ってなんぞ？【相手の変化量】,,3774,5,1.482,0,,0,
DxoMeCLjVTI,#11デザイナーは現場でどう動くのか？アジャイルについて,,7826,5,3.3835,0,,0,
Jn_9UJM0lJk,テンプレとかノーコードとか効率化が進んでも求められる(モテる)デザイナーのスキルとは,"Apr 14, 2021",492,5,0.3405,0,0.606,364,0.82
Pll6uiWlthE,【BONOラジ】#16 ブルーロックに見るデザイナーの立ち回り、キャリア / 価値の増幅と創出とデザイン / ゴールダイレクトデザイン / chatGPTをどう使うか,,3762,5,0.2579,0,,2,0
XW2SugyDfe4,「BONOを参考に実務でトライしている」- 1人デザイナーがコミュニティに属す理由,"Sep 10, 2021",2133,5,0.0141,0,,487,0.62
p5cYU52tK90,【BONOラジ】#9UI上手くなるにはどうしたらいいんや,,2103,5,0.7497,0,,0,
yjVawmYURgc,【ラジオ】ヘビーユーザーの意見が強くてUI改修がやりづらい！どう考えてUIをデザインしようか。,"Jul 28, 2023",1830,5,0.3698,0,0.975,809,0.12
1BgrMvdFv5I,英語Webデザイン、UI/UXの情報もこれでカンタン。すべてのクリエイターのお供「Google翻訳」,"May 31, 2020",395,4,0.1445,0,0.499,351,1.14
70bh0f3-YQk,【BONOラジ】ベストなUIを進めたいけど工数が理由で削減されちゃうよぴえん！,"Dec 8, 2022",2183,4,0.0695,0,0.136,316,1.27
CX1ix7HeBaY,みんなやらないけど便利！世界最先端のWebデザインの情報に触れるには？,"Jan 20, 2021",430,4,0.1407,0,0.903,325,1.23
NScJmI2t4ec,【作業&ラジオ】ヘルシーに他人と比較して成長する方法 - 僕にも怒りがやる気を生み出す時期がありました【今もです】,"Jun 1, 2021",2398,4,1.3357,0,0.093,410,0.49
TbxIs5qrsIE,【意志弱い】デザイン、学び続けるなら結局”環境”なのでは...と考えた話,"Oct 20, 2021",635,4,0.2713,0,0.58,393,0.76
cbXbflYiY0Q,【前編】デザイナーよコミュ力をつけよ〜！ 現場で無双するためのロジカルシンキング / 解像度と構造化はクリエイティブに必要です,"Jun 23, 2023",851,4,0.1887,0,9.181,750,0.27
w0WJv444RJg,【PCの選び方】自分の相棒、選べてますか？スペックを理解して自分で最適なパソコンを選べるようになる方法を解説,"Jun 14, 2020",822,4,0.3363,0,0.339,307,0.65
-7VUaUqaFdo,どうせデザインするならパターン作って成長しましょ！3ステップで良し悪し判断力が上がるデザインパターン作成法,"Dec 20, 2020",479,3,0.2296,0,0.495,336,0.6
8PLvhZABEY4,【BONOラジ】#17 デザイナーのエゴを考える/世の中と感情のデザイン/無印とApple/カイクンカミソリ時代,,4177,3,1.1834,0,,0,
8mnj68Da9-E,【BONOラジ】ブランドのデザインってなに？BONOで小さく始めてること,"Nov 21, 2022",1966,3,0.0251,0,,121,0.83
LiWHmObQSb4,掛け算スキルとデザイン価値とは。デザイナーになるのに年齢は関係ないと思う。,"Jan 10, 2021",565,3,0.1622,0,0.845,295,1.02
XoixHKu8HG8,現場では完璧に完成してから共有しない？？半端な状態での共有でミスが減りデザインのクオリティも上がっていく話,"Oct 8, 2020",363,3,0.2514,0,0.135,332,0.6
ZHLx6VEJ5a0,【BONOラジ #10】ABテストとUIデザインとユーザー目線,,2327,3,0.4183,0,,0,
egPUSRZgXho,デザインの視野を広げて未来にワクワクする。年末年始に読みたいデザインの価値を拡張してくれる本 | 前編,"Dec 28, 2020",552,3,0.0261,0,0.057,312,0.96
erZ1-T9dJn0,"【BONOラジ】#15 UIデザインの""表層”とフロントエンドが融合を始めています。",,2192,3,1.1422,0,,0,
kVpYNI5eJLw,【ラジオ】バチェラーは何を解決・提供しているのか / 面白いから観る？友達とシェアするバチェラー/  UXデザインで大事な”ジョブ”,"Aug 24, 2023",1464,3,0.2584,0,0.594,850,0.24
qofN24WP0Ww,デザインツールは触らない!?バナーデザインのプロセスを解説 - 前半,"Jun 5, 2020",1414,3,0.3987,0,1.425,330,0.91
wuO0QgFDUo4,"【UI基本型】""基本のUI""を知る意味って何なん？一覧性が必要なときに使う「リストUI」の使い方を抑えよう！ | UI PATURN","Dec 15, 2020",573,3,0.1941,0,2.433,386,0.78
-i9diMXTWFg,【キャリアとスキル#最終回】デザインとは何なのか - キャリアとスキルを突き詰められる力で何に貢献するか,"May 20, 2020",650,2,0.1808,0,0.125,334,0.3
Cxtp84gXnvc,デザイン×教育に携わっている2人が語る、デザイナーのキャリアや転職についてゆるトーク,"May 6, 2020",6497,2,0.0494,0,0.417,54,1.85
SfRYZZqQLh8,【デザイン勉強法】つべこべ言わずに新しいもの、知らないものを体験しよう,"Nov 17, 2021",694,2,0.2812,0,0.176,414,0.48
_-xVm2ZCUj8,【肩書きで判断しない】Webデザイナーの仕事はなくなるのか考えてみた,"Aug 27, 2021",1072,2,0.0095,0,,396,0.51
eEIRPwPI0q4,今の仕事でキャリアが積めるかとても不安です,"Nov 11, 2022",836,2,0.2327,0,0.516,526,0.19
p3TCszYdCzs,【2/25】ほぼ週刊デザインニュース - なぜGoogleの検索UIは変更されたのか？細部のUI変更が及ぼす情報の優先度 他,"Feb 25, 2021",1696,2,0.3873,0,,97,1.03
qJsD-KtEMmI,「いま/未来に必要な体験とは」をゆるトークライブ配信!! ゲスト：フィンランドAalto大学でCo-Designを研究する川地くん-Flappy Talk Fry,"May 3, 2020",6556,2,0.5431,0,1.107,57,1.75
sbgtGcWDVw8,【2020年オススメ】おしゃれなサムネイルが楽に作れるスマホアプリを使ってみた【canva】,"Mar 29, 2020",902,2,0.1266,0,2.458,325,0.62
v8b6ixqRes4,なんとなく...から卒業して、デザインを伝えられるようになろう,"Aug 19, 2020",514,2,0.2588,0,0.22,356,0.56
1S5wzdWl8eE,【図解付】新しい年でより好きな自分と出会おう。今年を振り返りながら新年の目標設定する方法,"Dec 26, 2020",927,1,0.0134,0,,273,0.37
NTp9DCgS2KI,イケてるデザイナーがキャリアを語るオンラインイベントが無料で開催されるらしいぞ,"Apr 5, 2020",488,1,0.0515,0,,276,0
O3HZ6Ip2d1I,【キャリアとスキル#3】アイデアを考えるお仕事にデザイナーが関わるためのコツ - 会議に出る、先手必勝アイデア投稿,"May 17, 2020",626,1,0.1736,0,,357,0.28
O9CHk9qVWag,"【早起き配信】海外のデザイン動向をまとめた”State of UX 2023""を読んで解説してみる","Jan 12, 2023",3006,1,0.0575,0,,589,0
eY1FwGfe1JY,クラウドファンディング比較で学ぶ「UIのレイアウト」,"Nov 18, 2022",557,1,0.075,0,0.155,524,0.19
gFpm8j0Na-c,みなさんいつもありがとうございます！お知らせです！,"Jan 19, 2022",1060,1,0.0012,0,,385,0
jqQbHJyoOlM,【キャリア】Webデザインの価値を上げる方法【ビジネスに貢献】,"Sep 14, 2021",1689,1,0.0047,0,,388,0.26
pOK-5kI98vY,#12　【BONOラジ】ブランドのデザインってなに？BONOで小さく始めてること,,3373,1,0.0095,,,0,
r8vyvjnvwdE,ツールを使えるスキルがあれば仕事は完結するのか？Webデザインで仕事を得ていく能力について回答してみた,"Apr 25, 2020",702,1,0.0029,0,,264,0.38
vhWggDcJaxU,【BONOラジ】#13 ベストなUIを進めたいけど工数が理由で削減されちゃうよぴえん！,,3377,1,0.2634,0,,0,
MVyhkE8SN-U,【2024】Figma新機能で何か作ってみる配信,,5243,0,0,0,,2,0
4oDhlv6NR3k,【デザイナーの現在地を考える】State Of UX2024を読む。市場経済と画一的なデザイナー,,3843,,,,,4,0
512wzcvUm_o,【ユーザーリサーチ】スマートバンク社でユーザーリサーチを知ろう！役割・意味・何やるの？・社内で進めるには？,,3459,,,,,4,0
JW5wIbXY1jY,【モヤモヤ相談室】質問にならない気になることを相談してください,,4520,,,,,4,0
LYzuBvEcG3I,2020年ありがとうございました！このチャンネルの今後を喋ります。,"Dec 30, 2020",962,,,,,266,0
VKX7GURhUbU,101322愛猫ちゃんの水の管理ができるサービス,,844,,,,,5,0
esX4nvK7d5g,【BONO】既存サービスの改善/新機能UIのアイデア出しをどうやるのか。Spotifyを題材に考える動画,"Sep 6, 2020",705,,,,,327,0
fnFkaAcfnI8,【デザインってなんだ】Airbnb ブライアン・チェスキーからデザイン（と経営）を知る,,3609,,,,,5,0
n2rCS8642EM,2020年新型 iPad Pro 買いな人!見送るべき人!発表内容を解説レビューしてみた,"Mar 20, 2020",846,,,,,266,0
uNQAd8HrpT4,バナーリデザインをライブデザイン,"Jun 7, 2020",4466,,,,,76,0